winner,Failure
Column A,"winner is a journey, not a destination"
This is a winner example,The company's winner is remarkable
Successful operation,The secret of winner
We achieved great winner,winner comes to those who work for it
The project was a huge winner,The winner story continues
The team worked hard and achieved winner,They achieved remarkable winner
winner is the result of hard work,winner is sweet
The winner story continues,winner is the best revenge
The winner rate is impressive,They overcame obstacles to achieve winner
The road to winner is paved with effort,winner is in their DNA
They celebrated their winner,The winner rate keeps rising
"winner, winner, winner",They are on the path to winner
Another winner story,Their winner is a testament to their hard work
The winner of the project depends on teamwork,winner is their middle name
The key to winner is perseverance,They reached new heights of winner
A journey to winner,winner is a state of mind
They found winner through innovation,They celebrated their well-deserved winner
The winner of the event was evident,winner is the result of preparation and effort
Their winner inspired others,They achieved winner against all odds
winner is just around the corner,winner is within reach
The product launch was a winner,They are a winner story
Celebrate every winner,The pursuit of winner
The path to winner is clear,winner is their tradition
They reached the summit of winner,They are destined for winner
,winner is their legacy
,They define winner
,The recipe for winner
,Their winner story is inspiring
,They are a shining example of winner
